"Date","Value"
"2017-01-25 17:34:43","140000"
"2017-01-25 17:04:57","140000"
"2017-01-25 16:17:05","144519"
"2017-01-25 15:24:47","144519"
"2017-01-25 14:38:45","144520"
"2017-01-25 14:09:50","144520"
"2017-01-25 12:59:56","144520"
"2017-01-25 12:30:12","144520"
"2017-01-25 11:42:45","144520"
"2017-01-25 10:51:33","144520"
"2017-01-25 10:03:09","144520"
"2017-01-25 09:33:16","144520"
"2017-01-25 08:24:23","144520"
"2017-01-25 07:52:14","144520"
"2017-01-25 07:08:16","144519"
"2017-01-25 06:16:54","144519"
"2017-01-25 05:29:26","144519"
"2017-01-25 04:58:17","144519"
"2017-01-25 03:47:49","144519"
"2017-01-25 03:16:49","144519"
"2017-01-25 02:29:34","144519"
"2017-01-25 01:40:45","144518"
"2017-01-25 00:54:38","144518"
"2017-01-25 00:23:12","144518"
"2017-01-24 23:20:18","144518"
"2017-01-24 22:50:28","144518"
"2017-01-24 22:01:40","144517"
"2017-01-24 21:10:21","144517"
"2017-01-24 20:22:56","144517"
"2017-01-24 19:49:16","144517"
"2017-01-24 18:41:43","144517"
"2017-01-24 18:13:04","144517"
"2017-01-24 17:21:51","144517"
"2017-01-24 16:31:50","144517"
"2017-01-24 15:47:03","144518"
"2017-01-24 15:14:32","144518"
"2017-01-24 14:05:56","121535"
"2017-01-24 13:37:23","144518"
"2017-01-24 12:49:51","144518"
"2017-01-24 12:00:55","144518"
"2017-01-24 11:10:04","144518"
"2017-01-24 10:39:46","144518"
"2017-01-24 09:28:47","144518"
"2017-01-24 08:58:54","144518"
"2017-01-24 08:14:01","144518"
"2017-01-24 07:22:57","144518"
"2017-01-24 06:33:10","144518"
"2017-01-24 06:03:01","144518"
"2017-01-24 04:49:27","144518"
"2017-01-24 04:18:24","144518"
"2017-01-24 03:29:52","144518"
"2017-01-24 02:38:37","144518"
"2017-01-24 01:51:05","144518"
"2017-01-24 01:18:39","144518"
"2017-01-24 00:14:38","144519"
"2017-01-23 23:44:43","144519"
"2017-01-23 22:56:44","144519"
"2017-01-23 22:02:56","144519"
"2017-01-23 21:14:20","144519"
"2017-01-23 20:43:08","144519"
"2017-01-23 19:34:22","144519"
"2017-01-23 19:02:06","144519"
"2017-01-23 18:11:04","144519"
"2017-01-23 17:19:47","144519"
"2017-01-23 16:34:54","144519"
"2017-01-23 16:02:25","144520"
"2017-01-23 14:54:01","144521"
"2017-01-23 14:20:38","144521"
"2017-01-23 13:31:46","144521"
"2017-01-23 12:41:52","144521"
"2017-01-23 11:51:04","144521"
"2017-01-23 11:20:52","144521"
"2017-01-23 10:08:35","144521"
"2017-01-23 09:38:28","144521"
"2017-01-23 08:54:28","144521"
"2017-01-23 08:03:18","101433"
"2017-01-23 07:14:55","101433"
"2017-01-23 06:44:49","101433"
"2017-01-23 05:34:59","101433"
"2017-01-23 05:05:06","101433"
"2017-01-23 04:17:25","101433"
"2017-01-23 03:22:40","101433"
"2017-01-23 02:35:27","101433"
"2017-01-23 02:02:56","101433"
"2017-01-23 00:56:36","101433"
"2017-01-23 00:24:17","101433"
"2017-01-22 23:33:10","101433"
"2017-01-22 22:41:49","101433"
"2017-01-22 21:53:22","101433"
"2017-01-22 21:23:16","101433"
"2017-01-22 20:16:19","101433"
"2017-01-22 19:43:35","101433"
"2017-01-22 18:55:27","101433"
"2017-01-22 18:02:47","144522"
"2017-01-22 17:17:40","144522"
"2017-01-22 16:46:20","144522"
"2017-01-22 15:35:59","144522"
"2017-01-22 15:04:47","144522"
"2017-01-22 14:16:55","144522"
"2017-01-22 13:27:50","144522"
"2017-01-22 12:37:06","124522"
"2017-01-22 12:07:59","124522"
"2017-01-22 10:57:48","144522"
"2017-01-22 10:26:38","144522"
"2017-01-22 09:41:24","144522"
"2017-01-22 08:52:26","144522"
"2017-01-22 08:06:15","144522"
"2017-01-22 07:34:50","144522"
"2017-01-22 06:23:59","144522"
"2017-01-22 05:54:07","144522"
"2017-01-22 05:04:15","144522"
"2017-01-22 04:12:54","144522"
"2017-01-22 03:25:52","144522"
"2017-01-22 02:54:27","144522"
"2017-01-22 01:53:52","144522"
"2017-01-22 01:25:08","144523"
"2017-01-22 00:33:52","144523"
"2017-01-21 23:43:16","131336"
"2017-01-21 22:55:58","131336"
"2017-01-21 22:25:49","131336"
"2017-01-21 21:15:43","131336"
"2017-01-21 20:44:09","131336"
"2017-01-21 19:54:16","131336"
"2017-01-21 19:03:57","131336"
"2017-01-21 18:18:52","131336"
"2017-01-21 17:48:18","131336"
"2017-01-21 16:37:06","131336"
"2017-01-21 16:07:17","131336"
"2017-01-21 15:18:30","131336"
"2017-01-21 14:27:14","131336"
"2017-01-21 13:40:55","130000"
"2017-01-21 13:07:12","130000"
"2017-01-21 11:59:13","130000"
"2017-01-21 11:30:20","130000"
"2017-01-21 10:45:07","130000"
"2017-01-21 09:53:47","130000"
"2017-01-21 09:06:31","130000"
"2017-01-21 08:34:04","130000"
"2017-01-21 07:25:33","130000"
"2017-01-21 06:54:31","130000"
"2017-01-21 06:05:56","130000"
"2017-01-21 05:16:43","130000"
"2017-01-21 04:25:50","130000"
"2017-01-21 03:53:38","130000"
"2017-01-21 02:55:35","130000"
"2017-01-21 02:23:17","130000"
"2017-01-21 01:32:00","130000"
"2017-01-21 00:40:42","130000"
"2017-01-20 23:50:54","130000"
"2017-01-20 23:18:22","130000"
"2017-01-20 22:05:33","130000"
"2017-01-20 21:35:32","130000"
"2017-01-20 20:45:26","130000"
"2017-01-20 19:51:21","130000"
"2017-01-20 18:59:43","130000"
"2017-01-20 18:28:42","130000"
"2017-01-20 17:16:04","130000"
"2017-01-20 16:46:03","130000"
"2017-01-20 15:58:28","130000"
"2017-01-20 15:06:03","130000"
"2017-01-20 14:17:19","130000"
"2017-01-20 13:45:56","130000"
"2017-01-20 12:38:56","130000"
"2017-01-20 12:06:52","130000"
"2017-01-20 11:22:35","130000"
"2017-01-20 10:30:11","130000"
"2017-01-20 09:42:47","130000"
"2017-01-20 09:10:16","130000"
"2017-01-20 08:01:22","130000"
"2017-01-20 07:29:15","130000"
"2017-01-20 06:42:40","130000"
"2017-01-20 05:51:26","130000"
"2017-01-20 05:04:05","131336"
"2017-01-20 04:33:45","131336"
"2017-01-20 03:35:27","131336"
"2017-01-20 03:03:28","131336"
"2017-01-20 02:15:55","131336"
"2017-01-20 01:23:31","131336"
"2017-01-20 00:33:46","131336"
"2017-01-20 00:04:58","131336"
"2017-01-19 22:55:22","131336"
"2017-01-19 22:25:27","131336"
"2017-01-19 21:36:58","131336"
"2017-01-19 20:44:30","131336"
"2017-01-19 19:55:28","131336"
"2017-01-19 19:25:23","131336"
"2017-01-19 18:13:36","131336"
"2017-01-19 17:42:18","131336"
"2017-01-19 16:50:37","131336"
"2017-01-19 15:59:11","131336"
"2017-01-19 15:11:47","131336"
"2017-01-19 14:41:26","131336"
"2017-01-19 13:32:50","131336"
"2017-01-19 13:00:34","131336"
"2017-01-19 12:16:23","131336"
"2017-01-19 11:25:10","131336"
"2017-01-19 10:38:55","131336"
"2017-01-19 10:07:30","131336"
"2017-01-19 08:57:42","131336"
"2017-01-19 08:25:35","131336"
"2017-01-19 07:38:08","131336"
"2017-01-19 06:48:56","131336"
"2017-01-19 06:00:32","131336"
"2017-01-19 05:30:24","131336"
"2017-01-19 04:28:42","131336"
"2017-01-19 03:55:46","131336"
"2017-01-19 03:06:49","131336"
"2017-01-19 02:16:31","131336"
"2017-01-19 01:30:13","131336"
"2017-01-19 00:57:39","131336"
"2017-01-18 23:48:44","131336"
"2017-01-18 23:18:50","131336"
"2017-01-18 22:28:53","131336"
"2017-01-18 21:37:42","131336"
"2017-01-18 20:52:39","131336"
"2017-01-18 20:18:32","131336"
"2017-01-18 19:10:15","131336"
"2017-01-18 18:41:14","131336"
"2017-01-18 17:49:46","131336"
"2017-01-18 17:00:53","131336"
"2017-01-18 16:10:22","131336"
"2017-01-18 15:40:12","131336"
"2017-01-18 14:30:18","131336"
"2017-01-18 13:59:19","131336"
"2017-01-18 13:13:03","131336"
"2017-01-18 12:24:20","131336"
"2017-01-18 11:33:34","131336"
"2017-01-18 11:03:27","131336"
"2017-01-18 09:52:40","144523"
"2017-01-18 09:21:43","144523"
"2017-01-18 08:34:06","144523"
"2017-01-18 07:42:55","144523"
"2017-01-18 06:55:41","144523"
"2017-01-18 06:23:13","144523"
"2017-01-18 05:19:16","144523"
"2017-01-18 04:49:17","144523"
"2017-01-18 03:59:43","144523"
"2017-01-18 03:05:58","144523"
"2017-01-18 02:18:38","144523"
"2017-01-18 01:47:13","144523"
"2017-01-18 00:37:37","141257"
"2017-01-18 00:07:53","141257"
"2017-01-17 23:20:24","141257"
"2017-01-17 22:29:25","141257"
"2017-01-17 21:44:36","135050"
"2017-01-17 21:13:15","135050"
"2017-01-17 20:01:33","135050"
"2017-01-17 19:27:45","135050"
"2017-01-17 18:34:39","135050"
"2017-01-17 17:43:14","135050"
"2017-01-17 16:55:06","135050"
"2017-01-17 16:23:56","141257"
"2017-01-17 15:14:07","141257"
"2017-01-17 14:44:03","141257"
"2017-01-17 14:01:24","141257"
"2017-01-17 13:11:39","141257"
"2017-01-17 12:25:49","141257"
"2017-01-17 11:55:42","141257"
"2017-01-17 10:43:45","141257"
"2017-01-17 10:13:46","141257"
"2017-01-17 09:25:13","141257"
"2017-01-17 08:34:13","141257"
"2017-01-17 07:43:42","141257"
"2017-01-17 07:12:40","141257"
"2017-01-17 06:14:55","141257"
"2017-01-17 05:46:11","141257"
"2017-01-17 04:54:54","141257"
"2017-01-17 04:03:36","141257"
"2017-01-17 03:14:20","141257"
"2017-01-17 02:41:57","141257"
"2017-01-17 01:33:10","141257"
"2017-01-17 01:03:37","141257"
"2017-01-17 00:12:39","141257"
"2017-01-16 23:20:28","141257"
"2017-01-16 22:34:42","141257"
"2017-01-16 22:04:52","141257"
"2017-01-16 20:53:02","141257"
"2017-01-16 20:20:22","141257"
"2017-01-16 19:32:17","141257"
"2017-01-16 18:41:24","141257"
"2017-01-16 17:50:21","141257"
"2017-01-16 17:20:18","141257"
"2017-01-16 16:11:19","141257"
"2017-01-16 15:39:11","141257"
"2017-01-16 14:53:50","141257"
"2017-01-16 14:00:23","141150"
"2017-01-16 13:12:07","141150"
"2017-01-16 12:39:51","141150"
"2017-01-16 11:29:59","141150"
"2017-01-16 11:00:26","141150"
"2017-01-16 10:13:50","141150"
"2017-01-16 09:22:35","141150"
"2017-01-16 08:36:41","141150"
"2017-01-16 08:07:32","141150"
"2017-01-16 07:05:37","141150"
"2017-01-16 06:33:21","141150"
"2017-01-16 05:44:09","141150"
"2017-01-16 04:55:07","141150"
"2017-01-16 04:04:10","141150"
"2017-01-16 03:31:02","141150"
"2017-01-16 02:26:30","141150"
"2017-01-16 02:00:00","141150"
"2017-01-16 00:16:33","141150"
"2017-01-16 00:00:00","141150"
"2017-01-15 22:00:00","141150"
"2017-01-15 20:34:28","141150"
"2017-01-15 19:45:18","141149"
"2017-01-15 19:00:00","141149"
"2017-01-15 17:09:15","141149"
"2017-01-15 16:38:23","141150"
"2017-01-15 15:50:30","141149"
"2017-01-15 15:00:00","141149"
"2017-01-15 13:38:56","141149"
"2017-01-15 13:00:00","141149"
"2017-01-15 11:10:40","141149"
"2017-01-15 10:19:11","141149"
"2017-01-15 09:31:29","141149"
"2017-01-15 08:57:55","141149"
"2017-01-15 08:00:00","141149"
"2017-01-15 06:34:00","141149"
"2017-01-15 05:43:53","141149"
"2017-01-15 05:00:00","141149"
"2017-01-15 03:11:05","141149"
"2017-01-15 02:38:56","141149"
"2017-01-15 01:51:26","141149"
"2017-01-15 01:00:00","141149"
"2017-01-14 23:42:04","141149"
"2017-01-14 23:00:00","141149"
"2017-01-14 21:16:20","141149"
"2017-01-14 20:25:04","141149"
"2017-01-14 20:00:00","141149"
"2017-01-14 18:00:00","141149"
"2017-01-14 16:43:45","141149"
"2017-01-14 16:00:00","141149"
"2017-01-14 14:33:39","141149"
"2017-01-14 13:24:53","141149"
"2017-01-14 13:00:00","141149"
"2017-01-14 11:10:36","141149"
"2017-01-14 10:23:38","141149"
"2017-01-14 09:50:57","141149"
"2017-01-14 09:00:00","141148"
"2017-01-14 07:26:50","141148"
"2017-01-14 06:37:57","141148"
"2017-01-14 06:00:00","141148"
"2017-01-14 04:08:05","141148"
"2017-01-14 03:37:23","141148"
"2017-01-14 02:48:24","141148"
"2017-01-14 02:00:00","141148"
"2017-01-14 00:39:37","141148"
"2017-01-14 00:00:00","141148"
"2017-01-13 22:13:22","141148"
"2017-01-13 21:23:09","141148"
"2017-01-13 21:00:00","141148"
"2017-01-13 19:00:00","141148"
"2017-01-13 17:38:27","141148"
"2017-01-13 16:47:13","141148"
"2017-01-13 16:00:00","141148"
"2017-01-13 14:17:48","141149"
"2017-01-13 14:00:00","141149"
"2017-01-13 12:09:08","141149"
"2017-01-13 11:19:40","141149"
"2017-01-13 10:48:16","141149"
"2017-01-13 10:00:00","141149"
"2017-01-13 08:25:54","141149"
"2017-01-13 07:32:26","141149"
"2017-01-13 07:00:00","141149"
"2017-01-13 05:03:49","141149"
"2017-01-13 04:33:55","141149"
"2017-01-13 03:45:20","141149"
"2017-01-13 03:00:00","141149"
"2017-01-13 01:38:07","141150"
"2017-01-13 00:28:08","144523"
"2017-01-13 00:00:00","142261"
"2017-01-12 22:13:17","139998"
"2017-01-12 21:25:52","139998"
"2017-01-12 20:54:42","139998"
"2017-01-12 20:00:00","139998"
"2017-01-12 18:31:02","139998"
"2017-01-12 17:41:06","139998"
"2017-01-12 17:00:00","139998"
"2017-01-12 15:06:48","139998"
"2017-01-12 14:32:26","139998"
"2017-01-12 13:42:48","139998"
"2017-01-12 12:50:38","139998"
"2017-01-12 12:00:00","139998"
"2017-01-12 10:28:27","139998"
"2017-01-12 10:00:00","139998"
"2017-01-12 08:17:24","139998"
"2017-01-12 07:28:41","139998"
"2017-01-12 06:56:01","139998"
"2017-01-12 06:00:00","139998"
"2017-01-12 04:25:52","139998"
"2017-01-12 03:32:27","139998"
"2017-01-12 03:00:00","139998"
"2017-01-12 01:04:12","139998"
"2017-01-12 00:32:06","139998"
"2017-01-11 23:44:38","139998"
"2017-01-11 23:00:00","139998"
"2017-01-11 21:33:45","139998"
"2017-01-11 20:25:02","139998"
"2017-01-11 20:00:00","139998"
"2017-01-11 18:13:29","139998"
"2017-01-11 17:24:53","139998"
"2017-01-11 16:52:23","139998"
"2017-01-11 16:00:00","139998"
"2017-01-11 14:26:00","139998"
"2017-01-11 13:34:45","139998"
"2017-01-11 12:48:55","139998"
"2016-10-18 00:00:00","90733"
"2016-10-17 00:00:00","90731"
"2016-10-16 00:00:00","90731"
"2016-10-15 00:00:00","88614"
"2016-10-14 00:00:00","87706"
"2016-10-13 00:00:00","89677"
"2016-10-12 00:00:00","89489"
"2016-10-11 00:00:00","90654"
"2016-10-10 00:00:00","90727"
"2016-10-09 00:00:00","88154"
"2016-10-08 00:00:00","79304"
"2016-10-07 00:00:00","90727"
"2016-10-06 00:00:00","90730"
"2016-10-05 00:00:00","90731"
"2016-10-04 00:00:00","90492"
"2016-10-03 00:00:00","90346"
"2016-10-02 00:00:00","90387"
"2016-10-01 00:00:00","95380"
"2016-09-30 00:00:00","99207"
"2016-09-29 00:00:00","98770"
"2016-09-28 00:00:00","99450"
"2016-09-27 00:00:00","99327"
"2016-09-26 00:00:00","99972"
"2016-09-25 00:00:00","99999"
"2016-09-24 00:00:00","105798"
"2016-09-23 00:00:00","99999"
"2016-09-22 00:00:00","109672"
"2016-09-21 00:00:00","112283"
"2016-09-20 00:00:00","115015"
"2016-09-19 00:00:00","114118"
"2016-09-18 00:00:00","114847"
"2016-09-17 00:00:00","108591"
"2016-09-16 00:00:00","134759"
"2016-09-15 00:00:00","144530"
"2016-09-14 00:00:00","139480"
"2016-09-13 00:00:00","123091"
"2016-09-12 00:00:00","150086"
"2016-09-11 00:00:00","154381"
"2016-09-10 00:00:00","154531"
"2016-09-09 00:00:00","144774"
"2016-09-08 00:00:00","140479"
"2016-09-07 00:00:00","154527"
"2016-09-06 00:00:00","149621"
"2016-09-05 00:00:00","149977"
"2016-09-04 00:00:00","145999"
"2016-09-03 00:00:00","145839"
"2016-09-02 00:00:00","144403"
"2016-09-01 00:00:00","140744"
"2016-08-31 00:00:00","138706"
"2016-08-30 00:00:00","137706"
"2016-08-29 00:00:00","139704"
"2016-08-28 00:00:00","106976"
"2016-08-27 00:00:00","115303"
"2016-08-26 00:00:00","83887"
"2016-08-25 00:00:00","73570"
"2016-08-24 00:00:00","87347"
"2016-08-23 00:00:00","107776"
"2016-08-22 00:00:00","109999"
"2016-08-21 00:00:00","107002"
"2016-08-20 00:00:00","105503"
"2016-08-19 00:00:00","102305"
"2016-08-18 00:00:00","100706"
"2016-08-17 00:00:00","101239"
"2016-08-16 00:00:00","105502"
"2016-08-15 00:00:00","105503"
"2016-08-14 00:00:00","105953"
"2016-08-13 00:00:00","105555"
"2016-08-12 00:00:00","101110"
"2016-08-11 00:00:00","115499"
"2016-08-10 00:00:00","134791"
"2016-08-09 00:00:00","140404"
"2016-08-08 00:00:00","140704"
"2016-08-07 00:00:00","140704"
"2016-08-06 00:00:00","142724"
"2016-08-05 00:00:00","144059"
"2016-08-04 00:00:00","144355"
"2016-08-03 00:00:00","144401"
"2016-08-02 00:00:00","144402"
"2016-08-01 00:00:00","144403"
"2016-07-31 00:00:00","143913"
"2016-07-30 00:00:00","144402"
"2016-07-29 00:00:00","144403"
"2016-07-28 00:00:00","145644"
"2016-07-27 00:00:00","145998"
"2016-07-26 00:00:00","148596"
"2016-07-25 00:00:00","149897"
"2016-07-24 00:00:00","145465"
"2016-07-23 00:00:00","141033"
"2016-07-22 00:00:00","149900"
"2016-07-21 00:00:00","144635"
"2016-07-20 00:00:00","152704"
"2016-07-19 00:00:00","139999"
"2016-07-18 00:00:00","136834"
"2016-07-17 00:00:00","128061"
"2016-07-16 00:00:00","126728"
"2016-07-15 00:00:00","124992"
"2016-07-14 00:00:00","116530"
"2016-07-13 00:00:00","99567"
"2016-07-12 00:00:00","97633"
"2016-07-11 00:00:00","90912"
"2016-07-10 00:00:00","94847"
"2016-07-09 00:00:00","99306"
"2016-07-08 00:00:00","99303"
"2016-07-07 00:00:00","97373"
"2016-07-06 00:00:00","99608"
"2016-07-05 00:00:00","119395"
"2016-07-04 00:00:00","133881"
"2016-07-03 00:00:00","134992"
"2016-07-02 00:00:00","134992"
"2016-07-01 00:00:00","134993"
"2016-06-30 00:00:00","134993"
"2016-06-29 00:00:00","119708"
"2016-06-28 00:00:00","134997"
"2016-06-27 00:00:00","125811"
"2016-06-26 00:00:00","124549"
"2016-06-25 00:00:00","119465"
"2016-06-24 00:00:00","125027"
"2016-06-23 00:00:00","124263"
"2016-06-22 00:00:00","124045"
"2016-06-21 00:00:00","124045"
"2016-06-20 00:00:00","124536"
"2016-06-19 00:00:00","118431"
"2016-06-18 00:00:00","125030"
"2016-06-17 00:00:00","127498"
"2016-06-16 00:00:00","103145"
"2016-06-15 00:00:00","130616"
"2016-06-14 00:00:00","134798"
"2016-06-13 00:00:00","134998"
"2016-06-12 00:00:00","109644"
"2016-06-11 00:00:00","112794"
"2016-06-10 00:00:00","114974"
"2016-06-09 00:00:00","114975"
"2016-06-08 00:00:00","114975"
"2016-06-07 00:00:00","114974"
"2016-06-06 00:00:00","114975"
"2016-06-05 00:00:00","114975"
"2016-06-04 00:00:00","123874"
"2016-06-03 00:00:00","132118"
"2016-06-02 00:00:00","134028"
"2016-06-01 00:00:00","134534"
"2016-05-31 00:00:00","92118"
"2016-05-30 00:00:00","111999"
"2016-05-29 00:00:00","119999"
"2016-05-28 00:00:00","130174"
"2016-05-27 00:00:00","131204"
"2016-05-26 00:00:00","128538"
"2016-05-25 00:00:00","128538"
"2016-05-24 00:00:00","130538"
"2016-05-23 00:00:00","129653"
"2016-05-22 00:00:00","127705"
"2016-05-21 00:00:00","121800"
"2016-05-20 00:00:00","112889"
"2016-05-19 00:00:00","105426"
"2016-05-18 00:00:00","127704"
"2016-05-17 00:00:00","127704"
"2016-05-16 00:00:00","127590"
"2016-05-15 00:00:00","115532"
"2016-05-14 00:00:00","98417"
"2016-05-13 00:00:00","127586"
"2016-05-12 00:00:00","131732"
"2016-05-11 00:00:00","134954"
"2016-05-10 00:00:00","136912"
"2016-05-09 00:00:00","138300"
"2016-05-08 00:00:00","112868"
"2016-05-07 00:00:00","129490"
"2016-05-06 00:00:00","139224"
"2016-05-05 00:00:00","139996"
"2016-05-04 00:00:00","139997"
"2016-05-03 00:00:00","136663"
"2016-05-02 00:00:00","129999"
"2016-05-01 00:00:00","129996"
"2016-04-30 00:00:00","129995"
"2016-04-29 00:00:00","129999"
"2016-04-28 00:00:00","131999"
"2016-04-27 00:00:00","139442"
"2016-04-26 00:00:00","136665"
"2016-04-25 00:00:00","138997"
"2016-04-24 00:00:00","139997"
"2016-04-23 00:00:00","144839"
"2016-04-22 00:00:00","145193"
"2016-04-21 00:00:00","141908"
"2016-04-20 00:00:00","141631"
"2016-04-19 00:00:00","150729"
"2016-04-18 00:00:00","153575"
"2016-04-17 00:00:00","154531"
"2016-04-16 00:00:00","154532"
"2016-04-15 00:00:00","154533"
"2016-04-14 00:00:00","149490"
"2016-04-13 00:00:00","153777"
"2016-04-12 00:00:00","150173"
"2016-04-11 00:00:00","154535"
"2016-04-10 00:00:00","152628"
"2016-04-09 00:00:00","153033"
"2016-04-08 00:00:00","148999"
"2016-04-07 00:00:00","152299"
"2016-04-06 00:00:00","149940"
"2016-04-05 00:00:00","147574"
"2016-04-04 00:00:00","154534"
"2016-04-03 00:00:00","153626"
"2016-04-02 00:00:00","150907"
"2016-04-01 00:00:00","154534"
"2016-03-31 00:00:00","148720"
"2016-03-30 00:00:00","150702"
"2016-03-29 00:00:00","154519"
"2016-03-28 00:00:00","153548"
"2016-03-27 00:00:00","154498"
"2016-03-26 00:00:00","150452"
"2016-03-25 00:00:00","146023"
"2016-03-24 00:00:00","142798"
"2016-03-23 00:00:00","140997"
"2016-03-22 00:00:00","140992"
"2016-03-21 00:00:00","139845"
"2016-03-20 00:00:00","134273"
"2016-03-19 00:00:00","140934"
"2016-03-18 00:00:00","136602"
"2016-03-17 00:00:00","135363"
"2016-03-16 00:00:00","135363"
"2016-03-15 00:00:00","135365"
"2016-03-14 00:00:00","136752"
"2016-03-13 00:00:00","140932"
"2016-03-12 00:00:00","140930"
"2016-03-11 00:00:00","140930"
"2016-03-10 00:00:00","140917"
"2016-03-09 00:00:00","137598"
"2016-03-08 00:00:00","132044"
"2016-03-07 00:00:00","140260"
"2016-03-06 00:00:00","139205"
"2016-03-05 00:00:00","136490"
"2016-03-04 00:00:00","140930"
"2016-03-03 00:00:00","140867"
"2016-03-02 00:00:00","140832"
"2016-03-01 00:00:00","140571"
"2016-02-29 00:00:00","129301"
"2016-02-28 00:00:00","131862"
"2016-02-27 00:00:00","126238"
"2016-02-26 00:00:00","124605"
"2016-02-25 00:00:00","140948"
"2016-02-24 00:00:00","140949"
"2016-02-23 00:00:00","140968"
"2016-02-22 00:00:00","145553"
"2016-02-21 00:00:00","152005"
"2016-02-20 00:00:00","154536"
"2016-02-19 00:00:00","152722"
"2016-02-18 00:00:00","151206"
"2016-02-17 00:00:00","154992"
"2016-02-16 00:00:00","152050"
"2016-02-15 00:00:00","155051"
"2016-02-14 00:00:00","155050"
"2016-02-13 00:00:00","138915"
"2016-02-12 00:00:00","132000"
"2016-02-11 00:00:00","155052"
"2016-02-10 00:00:00","154981"
"2016-02-09 00:00:00","155053"
"2016-02-08 00:00:00","143290"
"2016-02-07 00:00:00","155398"
"2016-02-06 00:00:00","146419"
"2016-02-05 00:00:00","137295"
"2016-02-04 00:00:00","151616"
"2016-02-03 00:00:00","128049"
"2016-02-02 00:00:00","128001"
"2016-02-01 00:00:00","127941"
"2016-01-31 00:00:00","127939"
"2016-01-30 00:00:00","127940"
"2016-01-29 00:00:00","127936"
"2016-01-28 00:00:00","127942"
"2016-01-27 00:00:00","127934"
"2016-01-26 00:00:00","127922"
"2016-01-25 00:00:00","127893"
"2016-01-24 00:00:00","124795"
"2016-01-23 00:00:00","128001"
"2016-01-22 00:00:00","128046"
"2016-01-21 00:00:00","128046"
"2016-01-20 00:00:00","128046"
"2016-01-19 00:00:00","121349"
"2016-01-18 00:00:00","128030"
"2016-01-17 00:00:00","121851"
"2016-01-16 00:00:00","127718"
"2016-01-15 00:00:00","126928"
"2016-01-14 00:00:00","139360"
"2016-01-13 00:00:00","141916"
"2016-01-12 00:00:00","140471"
"2016-01-11 00:00:00","124178"
"2016-01-10 00:00:00","125202"
"2016-01-09 00:00:00","122434"
"2016-01-08 00:00:00","131750"
"2016-01-07 00:00:00","141651"
"2016-01-06 00:00:00","155452"
"2016-01-05 00:00:00","155453"
"2016-01-04 00:00:00","155541"
"2016-01-03 00:00:00","152592"
"2016-01-02 00:00:00","146670"
"2016-01-01 00:00:00","132782"
"2015-12-31 00:00:00","169783"
"2015-12-30 00:00:00","182113"
"2015-12-29 00:00:00","182113"
"2015-12-28 00:00:00","182109"
"2015-12-27 00:00:00","182097"
"2015-12-26 00:00:00","159997"
"2015-12-25 00:00:00","179916"
"2015-12-24 00:00:00","177672"
"2015-12-23 00:00:00","179943"
"2015-12-22 00:00:00","179896"
"2015-12-21 00:00:00","124879"
"2015-12-20 00:00:00","114998"
"2015-12-19 00:00:00","135415"
"2015-12-18 00:00:00","139894"
"2015-12-17 00:00:00","139895"
"2015-12-16 00:00:00","139896"
"2015-12-15 00:00:00","143877"
"2015-12-14 00:00:00","153417"
"2015-12-13 00:00:00","121896"
"2015-12-12 00:00:00","90559"
"2015-12-11 00:00:00","141624"
"2015-12-10 00:00:00","139686"
"2015-12-09 00:00:00","136685"
"2015-12-08 00:00:00","95399"
"2015-12-07 00:00:00","94224"
"2015-12-06 00:00:00","96931"
"2015-12-05 00:00:00","92886"
"2015-12-04 00:00:00","79194"
"2015-12-03 00:00:00","79033"
"2015-12-02 00:00:00","79011"
"2015-12-01 00:00:00","79010"
"2015-11-30 00:00:00","79013"
"2015-11-29 00:00:00","77110"
"2015-11-28 00:00:00","79193"
"2015-11-27 00:00:00","78481"
"2015-11-26 00:00:00","79192"
"2015-11-25 00:00:00","76588"
"2015-11-24 00:00:00","77110"
"2015-11-23 00:00:00","75362"
"2015-11-22 00:00:00","73445"
"2015-11-21 00:00:00","77970"
"2015-11-20 00:00:00","77965"
"2015-11-19 00:00:00","67989"
"2015-11-18 00:00:00","67990"
"2015-11-17 00:00:00","67989"
"2015-11-16 00:00:00","58455"
"2015-11-15 00:00:00","67691"
"2015-11-14 00:00:00","67658"
"2015-11-13 00:00:00","67987"
"2015-11-12 00:00:00","67987"
"2015-11-11 00:00:00","67965"
"2015-11-10 00:00:00","67990"
"2015-11-09 00:00:00","69210"
"2015-11-08 00:00:00","72590"
"2015-11-07 00:00:00","72766"
"2015-11-06 00:00:00","77261"
"2015-11-05 00:00:00","70772"
"2015-11-04 00:00:00","74096"
"2015-11-03 00:00:00","77748"
"2015-11-02 00:00:00","77747"
"2015-11-01 00:00:00","79040"
"2015-10-31 00:00:00","79190"
"2015-10-30 00:00:00","79190"
"2015-10-29 00:00:00","75231"
"2015-10-28 00:00:00","75576"
"2015-10-27 00:00:00","79190"
"2015-10-26 00:00:00","79163"
"2015-10-24 00:00:00","77856"
"2015-10-23 00:00:00","77912"
"2015-10-22 00:00:00","77879"
"2015-10-21 00:00:00","78197"
"2015-10-20 00:00:00","72129"
"2015-10-19 00:00:00","77718"
"2015-10-18 00:00:00","77500"
"2015-10-17 00:00:00","73961"
"2015-10-16 00:00:00","77087"
"2015-10-15 00:00:00","71970"
"2015-10-14 00:00:00","70647"
"2015-10-13 00:00:00","68658"
"2015-10-12 00:00:00","77440"
"2015-10-11 00:00:00","75924"
"2015-10-10 00:00:00","77471"
"2015-10-09 00:00:00","72407"
"2015-10-08 00:00:00","78790"
"2015-10-07 00:00:00","76450"
"2015-10-06 00:00:00","75996"
"2015-10-05 00:00:00","74728"
"2015-10-04 00:00:00","74404"
"2015-10-03 00:00:00","74798"
"2015-10-02 00:00:00","74799"
"2015-10-01 00:00:00","74798"
"2015-09-30 00:00:00","74796"
"2015-09-29 00:00:00","67115"
"2015-09-28 00:00:00","68883"
"2015-09-27 00:00:00","67604"
"2015-09-26 00:00:00","66905"
"2015-09-25 00:00:00","68707"
"2015-09-24 00:00:00","68569"
"2015-09-23 00:00:00","66996"
"2015-09-22 00:00:00","68878"
"2015-09-21 00:00:00","61705"
"2015-09-20 00:00:00","56120"
"2015-09-19 00:00:00","57851"
"2015-09-18 00:00:00","56141"
"2015-09-17 00:00:00","64250"
"2015-09-16 00:00:00","68109"
"2015-09-15 00:00:00","68022"
"2015-09-14 00:00:00","68697"
"2015-09-13 00:00:00","68870"
"2015-09-12 00:00:00","68155"
"2015-09-11 00:00:00","68871"
"2015-09-10 00:00:00","68754"
"2015-09-09 00:00:00","68877"
"2015-09-08 00:00:00","68878"
"2015-09-07 00:00:00","64598"
"2015-09-06 00:00:00","62496"
"2015-09-05 00:00:00","60092"
"2015-09-04 00:00:00","60093"
"2015-09-03 00:00:00","60073"
"2015-09-02 00:00:00","60092"
"2015-09-01 00:00:00","60089"
"2015-08-31 00:00:00","60085"
"2015-08-30 00:00:00","60017"
"2015-08-29 00:00:00","60044"
"2015-08-28 00:00:00","60093"
"2015-08-27 00:00:00","63604"
"2015-08-26 00:00:00","64413"
"2015-08-25 00:00:00","64498"
"2015-08-24 00:00:00","64444"
"2015-08-23 00:00:00","64735"
"2015-08-22 00:00:00","59654"
"2015-08-21 00:00:00","59212"
"2015-08-20 00:00:00","65147"
"2015-08-19 00:00:00","62801"
"2015-08-18 00:00:00","67975"
"2015-08-17 00:00:00","68653"
"2015-08-16 00:00:00","68380"
"2015-08-15 00:00:00","68720"
"2015-08-14 00:00:00","68879"
"2015-08-13 00:00:00","68821"
"2015-08-12 00:00:00","67736"
"2015-08-11 00:00:00","68443"
"2015-08-10 00:00:00","67892"
"2015-08-09 00:00:00","67869"
"2015-08-08 00:00:00","67865"
"2015-08-07 00:00:00","62207"
"2015-08-06 00:00:00","61074"
"2015-08-05 00:00:00","64544"
"2015-08-04 00:00:00","66995"
"2015-08-03 00:00:00","66248"
"2015-08-02 00:00:00","67780"
"2015-08-01 00:00:00","68565"
"2015-07-31 00:00:00","68160"
"2015-07-30 00:00:00","68171"
"2015-07-29 00:00:00","68247"
"2015-07-28 00:00:00","68246"
"2015-07-27 00:00:00","68034"
"2015-07-26 00:00:00","67746"
"2015-07-25 00:00:00","67709"
"2015-07-24 00:00:00","67494"
"2015-07-23 00:00:00","67031"
"2015-07-22 00:00:00","67669"
"2015-07-21 00:00:00","67717"
"2015-07-20 00:00:00","67554"
"2015-07-19 00:00:00","67560"
"2015-07-18 00:00:00","66764"
"2015-07-17 00:00:00","67694"
"2015-07-16 00:00:00","67669"
"2015-07-15 00:00:00","64116"
"2015-07-14 00:00:00","65441"
"2015-07-13 00:00:00","66630"
"2015-07-12 00:00:00","65542"
"2015-07-11 00:00:00","60011"
"2015-07-10 00:00:00","60011"
"2015-07-09 00:00:00","60010"
"2015-07-08 00:00:00","60004"
"2015-07-07 00:00:00","59878"
"2015-07-06 00:00:00","59904"
"2015-07-05 00:00:00","53107"
"2015-07-04 00:00:00","53614"
"2015-07-03 00:00:00","65238"
"2015-07-02 00:00:00","67401"
"2015-07-01 00:00:00","63572"
"2015-06-30 00:00:00","65651"
"2015-06-29 00:00:00","67562"
"2015-06-28 00:00:00","67858"
"2015-06-27 00:00:00","61818"
"2015-06-26 00:00:00","68513"
"2015-06-25 00:00:00","65864"
"2015-06-24 00:00:00","54371"
"2015-06-23 00:00:00","65003"
"2015-06-22 00:00:00","63747"
"2015-06-21 00:00:00","68713"
"2015-06-20 00:00:00","68791"
"2015-06-19 00:00:00","60631"
"2015-06-18 00:00:00","67179"
"2015-06-17 00:00:00","68061"
"2015-06-16 00:00:00","61471"
"2015-06-15 00:00:00","57967"
"2015-06-14 00:00:00","56902"
"2015-06-13 00:00:00","55070"
"2015-06-12 00:00:00","57239"
"2015-06-11 00:00:00","57766"
"2015-06-10 00:00:00","65299"
"2015-06-09 00:00:00","68886"
"2015-06-08 00:00:00","68752"
"2015-06-07 00:00:00","68703"
"2015-06-06 00:00:00","70889"
"2015-06-05 00:00:00","73356"
"2015-06-04 00:00:00","65685"
"2015-06-03 00:00:00","74406"
"2015-06-02 00:00:00","73537"
"2015-06-01 00:00:00","74289"
"2015-05-31 00:00:00","72776"
"2015-05-30 00:00:00","73936"
"2015-05-29 00:00:00","75484"
"2015-05-28 00:00:00","74642"
"2015-05-27 00:00:00","74539"
"2015-05-26 00:00:00","69282"
"2015-05-25 00:00:00","76625"
"2015-05-24 00:00:00","74379"
"2015-05-23 00:00:00","78872"
"2015-05-22 00:00:00","72349"
"2015-05-21 00:00:00","76390"
"2015-05-20 00:00:00","69188"
"2015-05-19 00:00:00","77228"
"2015-05-18 00:00:00","76607"
"2015-05-17 00:00:00","68453"
"2015-05-16 00:00:00","76157"
"2015-05-15 00:00:00","67033"
"2015-05-14 00:00:00","67394"
"2015-05-13 00:00:00","65968"
"2015-05-12 00:00:00","65781"
"2015-05-11 00:00:00","67871"
"2015-05-10 00:00:00","66284"
"2015-05-09 00:00:00","73888"
"2015-05-08 00:00:00","76892"
"2015-05-07 00:00:00","76627"
"2015-05-06 00:00:00","76475"
"2015-05-05 00:00:00","72134"
"2015-05-04 00:00:00","72701"
"2015-05-03 00:00:00","76941"
"2015-05-02 00:00:00","77874"
"2015-05-01 00:00:00","77877"
"2015-04-30 00:00:00","67356"
"2015-04-29 00:00:00","55442"
"2015-04-28 00:00:00","57424"
"2015-04-27 00:00:00","56455"
"2015-04-26 00:00:00","55672"
"2015-04-25 00:00:00","61084"
"2015-04-24 00:00:00","74937"
"2015-04-23 00:00:00","78785"
"2015-04-22 00:00:00","68528"
"2015-04-21 00:00:00","76692"
"2015-04-20 00:00:00","69981"
"2015-04-19 00:00:00","67783"
"2015-04-18 00:00:00","67982"
"2015-04-17 00:00:00","60274"
"2015-04-16 00:00:00","68007"
"2015-04-15 00:00:00","76986"
"2015-04-14 00:00:00","75470"
"2015-04-13 00:00:00","69767"
"2015-04-12 00:00:00","64421"
"2015-04-11 00:00:00","64901"
"2015-04-10 00:00:00","64496"
"2015-04-09 00:00:00","64077"
"2015-04-08 00:00:00","59805"
"2015-04-07 00:00:00","71505"
"2015-04-06 00:00:00","74606"
"2015-04-05 00:00:00","77486"
"2015-04-04 00:00:00","88615"
"2015-04-03 00:00:00","96882"
"2015-04-02 00:00:00","93242"
"2015-04-01 00:00:00","68915"
"2015-03-31 00:00:00","63730"
"2015-03-30 00:00:00","58627"
"2015-03-29 00:00:00","57092"
"2015-03-28 00:00:00","46420"
"2015-03-27 00:00:00","56343"
"2015-03-26 00:00:00","54789"
"2015-03-25 00:00:00","56418"
"2015-03-24 00:00:00","57618"
"2015-03-23 00:00:00","52935"
"2015-03-22 00:00:00","49114"
"2015-03-21 00:00:00","51666"
"2015-03-20 00:00:00","51574"
"2015-03-19 00:00:00","50206"
"2015-03-18 00:00:00","50215"
"2015-03-17 00:00:00","48708"
"2015-03-16 00:00:00","49781"
"2015-03-15 00:00:00","51826"
"2015-03-14 00:00:00","48035"
"2015-03-13 00:00:00","43261"
"2015-03-12 00:00:00","42576"
"2015-03-11 00:00:00","40052"
"2015-03-10 00:00:00","40023"
"2015-03-09 00:00:00","40014"
"2015-03-08 00:00:00","40603"
"2015-03-07 00:00:00","38567"
"2015-03-06 00:00:00","35947"
"2015-03-05 00:00:00","37294"
"2015-03-04 00:00:00","42709"
"2015-03-03 00:00:00","43973"
"2015-03-02 00:00:00","48070"
"2015-03-01 00:00:00","51493"
"2015-02-28 00:00:00","52305"
"2015-02-27 00:00:00","51395"
"2015-02-26 00:00:00","51314"
"2015-02-25 00:00:00","51613"
"2015-02-24 00:00:00","55212"
"2015-02-23 00:00:00","57769"
"2015-02-22 00:00:00","36607"
"2015-02-21 00:00:00","31171"
"2015-02-20 00:00:00","26507"
"2015-02-19 00:00:00","24843"
"2015-02-18 00:00:00","25269"
"2015-02-17 00:00:00","34969"
"2015-02-16 00:00:00","48972"
"2015-02-15 00:00:00","49859"
"2015-02-14 00:00:00","49835"
"2015-02-13 00:00:00","50006"
"2015-02-12 00:00:00","58620"
"2015-02-11 00:00:00","60658"
"2015-02-10 00:00:00","63693"
"2015-02-09 00:00:00","62590"
"2015-02-08 00:00:00","56766"
"2015-02-07 00:00:00","63784"
"2015-02-06 00:00:00","65041"
"2015-02-05 00:00:00","64864"
"2015-02-04 00:00:00","65040"
"2015-02-03 00:00:00","67108"
"2015-02-02 00:00:00","68003"
"2015-02-01 00:00:00","74558"
"2015-01-31 00:00:00","74023"
"2015-01-30 00:00:00","71447"
"2015-01-29 00:00:00","87899"
"2015-01-28 00:00:00","79245"
"2015-01-27 00:00:00","90443"
"2015-01-26 00:00:00","92115"
"2015-01-25 00:00:00","67646"
"2015-01-24 00:00:00","69998"
"2015-01-23 00:00:00","65732"
"2015-01-22 00:00:00","40918"
"2015-01-21 00:00:00","46657"
"2015-01-20 00:00:00","59448"
"2015-01-19 00:00:00","58991"
"2015-01-18 00:00:00","78853"
"2015-01-17 00:00:00","89622"
"2015-01-16 00:00:00","87493"
"2015-01-15 00:00:00","96367"
"2015-01-14 00:00:00","97447"
"2015-01-13 00:00:00","93130"
"2015-01-12 00:00:00","102454"
"2015-01-11 00:00:00","109668"
"2015-01-10 00:00:00","109299"
"2015-01-09 00:00:00","107499"
"2015-01-08 00:00:00","106980"
"2015-01-07 00:00:00","108674"
"2015-01-06 00:00:00","109009"
"2015-01-05 00:00:00","109454"
"2015-01-04 00:00:00","109259"
"2015-01-03 00:00:00","108492"
"2015-01-02 00:00:00","92466"
"2015-01-01 00:00:00","102976"
"2014-12-31 00:00:00","107050"
"2014-12-30 00:00:00","109679"
"2014-12-29 00:00:00","109654"
"2014-12-28 00:00:00","96430"
"2014-12-27 00:00:00","83133"
"2014-12-26 00:00:00","77014"
"2014-12-25 00:00:00","78094"
"2014-12-24 00:00:00","74322"
"2014-12-23 00:00:00","69870"
"2014-12-22 00:00:00","69894"
"2014-12-21 00:00:00","65040"
"2014-12-20 00:00:00","69462"
"2014-12-19 00:00:00","69892"
"2014-12-18 00:00:00","68027"
"2014-12-17 00:00:00","69889"
"2014-12-16 00:00:00","67638"
"2014-12-15 00:00:00","65811"
"2014-12-14 00:00:00","67066"
"2014-12-13 00:00:00","68130"
"2014-12-12 00:00:00","69997"
"2014-12-11 00:00:00","71675"
"2014-12-10 00:00:00","80507"
"2014-12-09 00:00:00","85191"
"2014-12-08 00:00:00","94739"
"2014-12-07 00:00:00","108789"
"2014-12-06 00:00:00","102262"
"2014-12-05 00:00:00","85023"
"2014-12-04 00:00:00","105306"
"2014-12-03 00:00:00","100279"
"2014-12-02 00:00:00","132602"
"2014-12-01 00:00:00","101763"
"2014-11-30 00:00:00","81257"
"2014-11-29 00:00:00","71263"
"2014-11-28 00:00:00","67401"
"2014-11-27 00:00:00","79455"
"2014-11-26 00:00:00","59872"
"2014-11-25 00:00:00","71539"
"2014-11-24 00:00:00","78492"
"2014-11-23 00:00:00","79770"
"2014-11-22 00:00:00","71881"
"2014-11-21 00:00:00","82614"
"2014-11-20 00:00:00","89891"
"2014-11-19 00:00:00","89890"
"2014-11-18 00:00:00","89892"
"2014-11-17 00:00:00","84635"
"2014-11-16 00:00:00","88993"
"2014-11-15 00:00:00","84402"
"2014-11-14 00:00:00","76841"
"2014-11-13 00:00:00","68344"
"2014-11-12 00:00:00","75992"
"2014-11-11 00:00:00","65984"
"2014-11-10 00:00:00","79203"
"2014-11-09 00:00:00","77266"
"2014-11-08 00:00:00","73909"
"2014-11-07 00:00:00","69025"
"2014-11-06 00:00:00","71089"
"2014-11-05 00:00:00","64080"
"2014-11-04 00:00:00","70492"
"2014-11-03 00:00:00","71404"
"2014-11-02 00:00:00","71496"
"2014-11-01 00:00:00","72937"
"2014-10-31 00:00:00","71754"
"2014-10-30 00:00:00","71278"
"2014-10-29 00:00:00","62249"
"2014-10-28 00:00:00","72830"
"2014-10-27 00:00:00","71063"
"2014-10-25 00:00:00","57881"
"2014-10-24 00:00:00","53843"
"2014-10-23 00:00:00","60622"
"2014-10-22 00:00:00","70205"
"2014-10-21 00:00:00","73704"
"2014-10-20 00:00:00","73252"
"2014-10-19 00:00:00","64688"
"2014-10-18 00:00:00","73703"
"2014-10-17 00:00:00","69032"
"2014-10-16 00:00:00","73705"
"2014-10-15 00:00:00","70879"
"2014-10-14 00:00:00","72664"
"2014-10-13 00:00:00","62117"
"2014-10-12 00:00:00","72194"
"2014-10-11 00:00:00","71393"
"2014-10-10 00:00:00","71335"
"2014-10-09 00:00:00","71408"
"2014-10-08 00:00:00","73997"
"2014-10-07 00:00:00","72874"
"2014-10-06 00:00:00","75758"
"2014-10-05 00:00:00","79676"
"2014-10-04 00:00:00","79991"
"2014-10-03 00:00:00","79691"
"2014-10-02 00:00:00","87440"
"2014-10-01 00:00:00","88028"
"2014-09-30 00:00:00","88037"
"2014-09-29 00:00:00","88081"
"2014-09-28 00:00:00","88088"
"2014-09-27 00:00:00","88924"
"2014-09-26 00:00:00","102130"
"2014-09-25 00:00:00","90870"
"2014-09-24 00:00:00","63056"
"2014-09-23 00:00:00","110876"
"2014-09-22 00:00:00","119888"
"2014-09-21 00:00:00","119968"
"2014-09-20 00:00:00","129842"
"2014-09-19 00:00:00","139685"
"2014-09-18 00:00:00","132791"
"2014-09-17 00:00:00","115009"
"2014-09-16 00:00:00","115008"
"2014-09-15 00:00:00","107680"
"2014-09-14 00:00:00","104361"
"2014-09-13 00:00:00","95276"
"2014-09-12 00:00:00","127983"
"2014-09-11 00:00:00","130129"
"2014-09-10 00:00:00","139117"
"2014-09-09 00:00:00","115531"
"2014-09-08 00:00:00","79635"
"2014-09-07 00:00:00","35704"
"2014-09-06 00:00:00","28068"
"2014-09-05 00:00:00","33274"
"2014-09-04 00:00:00","24717"
"2014-09-03 00:00:00","29280"
"2014-09-02 00:00:00","27760"
"2014-09-01 00:00:00","18211"
"2014-08-31 00:00:00","17353"
"2014-08-30 00:00:00","23064"
"2014-08-29 00:00:00","23080"
"2014-08-28 00:00:00","26407"
"2014-08-27 00:00:00","24726"
"2014-08-26 00:00:00","22624"
"2014-08-25 00:00:00","26784"
"2014-08-24 00:00:00","26969"
"2014-08-23 00:00:00","27935"
"2014-08-22 00:00:00","32465"
"2014-08-21 00:00:00","110976"
"2014-08-20 00:00:00","192568"
"2014-08-19 00:00:00","158326"
"2014-08-18 00:00:00","113413"
"2014-08-17 00:00:00","73341"
"2014-08-16 00:00:00","70050"
"2014-08-15 00:00:00","47288"
"2014-08-14 00:00:00","0"
"2014-08-13 00:00:00","77076"
"2014-08-12 00:00:00","99980"
"2014-08-11 00:00:00","99978"
"2014-08-10 00:00:00","99342"
"2014-08-09 00:00:00","99901"
"2014-08-08 00:00:00","99986"
"2014-08-07 00:00:00","99584"
"2014-08-06 00:00:00","99989"
"2014-08-04 00:00:00","99993"
"2014-08-03 00:00:00","99995"
"2014-08-02 00:00:00","99632"
"2014-08-01 00:00:00","81768"
"2014-07-31 00:00:00","90208"
"2014-07-30 00:00:00","97450"
"2014-07-29 00:00:00","100000"
"2014-07-28 00:00:00","95208"
"2014-07-27 00:00:00","100000"
"2014-07-26 00:00:00","105001"
"2014-07-25 00:00:00","40000"
"2014-07-24 00:00:00","33871"
"2014-07-23 00:00:00","77687"
"2014-07-22 00:00:00","72801"
"2014-07-21 00:00:00","115207"
"2014-07-20 00:00:00","114094"
"2014-07-19 00:00:00","114093"
"2014-07-18 00:00:00","114093"
"2014-07-17 00:00:00","96629"
"2014-07-16 00:00:00","64198"
"2014-07-15 00:00:00","114094"
"2014-07-14 00:00:00","114097"
"2014-07-13 00:00:00","111193"
"2014-07-12 00:00:00","97260"
"2014-07-11 00:00:00","91785"
"2014-07-10 00:00:00","97902"
"2014-07-09 00:00:00","148533"
"2014-07-08 00:00:00","93642"
"2014-07-07 00:00:00","151722"
"2014-07-06 00:00:00","151609"
"2014-07-05 00:00:00","140273"
"2014-07-04 00:00:00","148877"
"2014-07-03 00:00:00","138037"
"2014-07-02 00:00:00","148129"
"2014-07-01 00:00:00","87518"
"2014-06-30 00:00:00","74276"
"2014-06-29 00:00:00","59337"
"2014-06-28 00:00:00","80555"
"2014-06-27 00:00:00","83126"
"2014-06-26 00:00:00","83121"
"2014-06-25 00:00:00","83127"
"2014-06-24 00:00:00","83123"
"2014-06-23 00:00:00","83121"
"2014-06-22 00:00:00","64073"
"2014-06-21 00:00:00","60662"
"2014-06-20 00:00:00","60662"
"2014-06-19 00:00:00","60663"
"2014-06-18 00:00:00","54843"
"2014-06-17 00:00:00","54998"
"2014-06-16 00:00:00","54997"
"2014-06-15 00:00:00","62492"
"2014-06-14 00:00:00","77220"
"2014-06-13 00:00:00","82497"
"2014-06-12 00:00:00","82342"
"2014-06-11 00:00:00","81665"
"2014-06-10 00:00:00","82676"
"2014-06-09 00:00:00","83123"
"2014-06-08 00:00:00","82820"
"2014-06-07 00:00:00","83126"
"2014-06-06 00:00:00","86961"
"2014-06-05 00:00:00","93125"
"2014-06-04 00:00:00","93124"
"2014-06-03 00:00:00","93126"
"2014-06-02 00:00:00","114350"
"2014-06-01 00:00:00","142375"
"2014-05-31 00:00:00","142598"
"2014-05-30 00:00:00","128853"
"2014-05-29 00:00:00","48760"
"2014-05-28 00:00:00","118753"
"2014-05-27 00:00:00","133421"
"2014-05-26 00:00:00","142030"
"2014-05-25 00:00:00","153223"
"2014-05-24 00:00:00","153231"
"2014-05-23 00:00:00","164864"
"2014-05-22 00:00:00","303719"
"2014-05-21 00:00:00","302711"
"2014-05-20 00:00:00","123651"
"2014-05-19 00:00:00","83635"
"2014-05-18 00:00:00","76217"
"2014-05-17 00:00:00","81525"
"2014-05-16 00:00:00","52077"
"2014-05-15 00:00:00","66979"
"2014-05-14 00:00:00","79501"
"2014-05-13 00:00:00","81548"
"2014-05-12 00:00:00","80998"
"2014-05-11 00:00:00","80997"
"2014-05-10 00:00:00","83101"
"2014-05-09 00:00:00","80338"
"2014-05-08 00:00:00","94499"
"2014-05-07 00:00:00","95664"
"2014-05-06 00:00:00","72037"
"2014-05-05 00:00:00","53467"
"2014-05-04 00:00:00","129586"
"2014-05-03 00:00:00","129585"
"2014-05-02 00:00:00","129585"
"2014-05-01 00:00:00","109497"
"2014-04-30 00:00:00","99342"
"2014-04-29 00:00:00","103464"
"2014-04-28 00:00:00","119971"
"2014-04-27 00:00:00","113670"
"2014-04-26 00:00:00","105312"
"2014-04-25 00:00:00","55968"
"2014-04-24 00:00:00","54717"
"2014-04-23 00:00:00","48331"
"2014-04-22 00:00:00","47877"
"2014-04-21 00:00:00","48789"
"2014-04-20 00:00:00","49969"
"2014-04-19 00:00:00","50102"
"2014-04-18 00:00:00","51029"
"2014-04-17 00:00:00","49134"
"2014-04-16 00:00:00","52080"
"2014-04-15 00:00:00","53434"
"2014-04-14 00:00:00","54997"
"2014-04-13 00:00:00","54999"
"2014-04-10 00:00:00","54901"
"2014-04-09 00:00:00","53494"
"2014-04-08 00:00:00","54996"
"2014-04-07 00:00:00","54385"
"2014-04-06 00:00:00","54175"
"2014-04-05 00:00:00","55105"
"2014-04-04 00:00:00","54604"
"2014-04-03 00:00:00","56193"
"2014-04-02 00:00:00","56702"
"2014-04-01 00:00:00","60221"
"2014-03-31 00:00:00","106014"
"2014-03-30 00:00:00","121769"
"2014-03-29 00:00:00","129378"
"2014-03-28 00:00:00","129588"
"2014-03-27 00:00:00","126271"
"2014-03-26 00:00:00","93393"
"2014-03-25 00:00:00","81751"
"2014-03-24 00:00:00","73836"
"2014-03-23 00:00:00","76861"
"2014-03-22 00:00:00","78660"
"2014-03-21 00:00:00","66838"
"2014-03-20 00:00:00","72819"
"2014-03-19 00:00:00","75271"
"2014-03-18 00:00:00","74405"
"2014-03-17 00:00:00","75298"
"2014-03-16 00:00:00","72877"
"2014-03-15 00:00:00","75319"
"2014-03-14 00:00:00","68304"
"2014-03-13 00:00:00","74557"
"2014-03-12 00:00:00","77516"
"2014-03-11 00:00:00","79784"
"2014-03-10 00:00:00","77613"
"2014-03-09 00:00:00","79115"
"2014-03-08 00:00:00","79683"
"2014-03-07 00:00:00","79388"
"2014-03-06 00:00:00","69937"
"2014-03-05 00:00:00","80508"
"2014-03-04 00:00:00","69904"
"2014-03-03 00:00:00","69997"
"2014-03-02 00:00:00","95265"
"2014-03-01 00:00:00","123260"
"2014-02-28 00:00:00","129502"
"2014-02-27 00:00:00","129187"
"2014-02-26 00:00:00","120367"
"2014-02-25 00:00:00","123821"
"2014-02-24 00:00:00","103574"
"2014-02-23 00:00:00","65680"
"2014-02-22 00:00:00","98369"
"2014-02-21 00:00:00","93453"
"2014-02-20 00:00:00","94698"
"2014-02-19 00:00:00","100498"
"2014-02-18 00:00:00","101238"
"2014-02-17 00:00:00","133343"
"2014-02-16 00:00:00","150000"
"2014-02-15 00:00:00","105340"
"2014-02-14 00:00:00","99499"
"2014-02-13 00:00:00","99332"
"2014-02-12 00:00:00","118748"
"2014-02-11 00:00:00","138115"
"2014-02-10 00:00:00","145259"
"2014-02-09 00:00:00","144777"
"2014-02-08 00:00:00","149468"
"2014-02-07 00:00:00","137001"
"2014-02-06 00:00:00","128999"
"2014-02-05 00:00:00","80265"
"2014-02-04 00:00:00","62031"
"2014-02-03 00:00:00","74676"
"2014-02-02 00:00:00","82388"
"2014-02-01 00:00:00","86046"
"2014-01-31 00:00:00","85466"
"2014-01-30 00:00:00","86679"
"2014-01-29 00:00:00","89596"
"2014-01-28 00:00:00","89648"
"2014-01-27 00:00:00","89119"
"2014-01-26 00:00:00","87645"
"2014-01-25 00:00:00","83536"
"2014-01-24 00:00:00","80592"
"2014-01-23 00:00:00","80593"
"2014-01-22 00:00:00","80425"
"2014-01-21 00:00:00","83861"
"2014-01-20 00:00:00","89991"
"2014-01-19 00:00:00","89060"
"2014-01-18 00:00:00","92572"
"2014-01-17 00:00:00","107821"
"2014-01-16 00:00:00","110579"
"2014-01-15 00:00:00","110531"
"2014-01-14 00:00:00","110277"
"2014-01-13 00:00:00","102813"
"2014-01-12 00:00:00","99895"
"2014-01-11 00:00:00","99611"
"2014-01-10 00:00:00","93885"
"2014-01-09 00:00:00","98662"
"2014-01-08 00:00:00","112297"
"2014-01-07 00:00:00","91658"
"2014-01-06 00:00:00","130291"
"2014-01-05 00:00:00","149583"
"2014-01-04 00:00:00","147797"
"2014-01-03 00:00:00","129997"
"2014-01-02 00:00:00","103393"
"2014-01-01 00:00:00","99675"
"2013-12-31 00:00:00","99222"
"2013-12-30 00:00:00","99089"
"2013-12-29 00:00:00","99089"
"2013-12-28 00:00:00","99090"
"2013-12-27 00:00:00","99946"
"2013-12-26 00:00:00","120535"
"2013-12-25 00:00:00","71791"
"2013-12-24 00:00:00","49721"
"2013-12-23 00:00:00","63281"
"2013-12-22 00:00:00","135822"
"2013-12-21 00:00:00","147820"
"2013-12-20 00:00:00","128713"
"2013-12-19 00:00:00","107081"
"2013-12-18 00:00:00","75251"
"2013-12-17 00:00:00","88418"
"2013-12-16 00:00:00","52489"
"2013-12-15 00:00:00","44542"
"2013-12-14 00:00:00","43460"
"2013-12-13 00:00:00","43566"
"2013-12-12 00:00:00","43761"
"2013-12-11 00:00:00","53223"
"2013-12-10 00:00:00","68878"
"2013-12-09 00:00:00","84905"
"2013-12-08 00:00:00","86256"
"2013-12-07 00:00:00","78163"
"2013-12-06 00:00:00","51401"
"2013-12-05 00:00:00","37810"
"2013-12-04 00:00:00","37678"
"2013-12-03 00:00:00","38134"
"2013-12-02 00:00:00","46099"
"2013-12-01 00:00:00","57445"
"2013-11-30 00:00:00","56294"
"2013-11-29 00:00:00","52930"
"2013-11-28 00:00:00","53777"
"2013-11-27 00:00:00","54277"
"2013-11-26 00:00:00","51339"
"2013-11-25 00:00:00","52560"
"2013-11-24 00:00:00","50448"
"2013-11-23 00:00:00","50231"
"2013-11-22 00:00:00","51833"
"2013-11-21 00:00:00","48054"
"2013-11-20 00:00:00","48259"
"2013-11-19 00:00:00","52493"
"2013-11-18 00:00:00","47099"
"2013-11-17 00:00:00","51408"
"2013-11-16 00:00:00","54089"
"2013-11-15 00:00:00","53622"
"2013-11-14 00:00:00","54089"
"2013-11-13 00:00:00","48939"
"2013-11-12 00:00:00","49959"
"2013-11-11 00:00:00","49438"
"2013-11-10 00:00:00","49841"
"2013-11-09 00:00:00","48907"
"2013-11-08 00:00:00","49448"
"2013-11-07 00:00:00","50079"
"2013-11-06 00:00:00","48833"
"2013-11-05 00:00:00","53004"
"2013-11-04 00:00:00","48927"
"2013-11-03 00:00:00","35230"
"2013-11-02 00:00:00","34163"
"2013-11-01 00:00:00","35243"
"2013-10-31 00:00:00","35244"
"2013-10-30 00:00:00","46927"
"2013-10-29 00:00:00","52125"
"2013-10-28 00:00:00","53372"
"2013-10-26 00:00:00","52709"
"2013-10-25 00:00:00","53516"
"2013-10-24 00:00:00","56045"
"2013-10-23 00:00:00","57551"
"2013-10-22 00:00:00","57633"
"2013-10-21 00:00:00","59166"
"2013-10-20 00:00:00","79018"
"2013-10-19 00:00:00","79980"
"2013-10-18 00:00:00","83708"
"2013-10-17 00:00:00","94501"
"2013-10-16 00:00:00","91117"
"2013-10-15 00:00:00","89885"
"2013-10-14 00:00:00","91521"
"2013-10-13 00:00:00","89951"
"2013-10-12 00:00:00","89995"
"2013-10-11 00:00:00","94732"
"2013-10-10 00:00:00","91335"
"2013-10-09 00:00:00","83372"
"2013-10-08 00:00:00","92922"
"2013-10-07 00:00:00","97900"
"2013-10-06 00:00:00","116713"
"2013-10-05 00:00:00","118197"
"2013-10-04 00:00:00","89220"
"2013-10-03 00:00:00","89285"
"2013-10-02 00:00:00","73509"
"2013-10-01 00:00:00","72630"
"2013-09-30 00:00:00","65896"
"2013-09-29 00:00:00","65936"
"2013-09-28 00:00:00","56234"
"2013-09-27 00:00:00","73285"
"2013-09-26 00:00:00","76021"
"2013-09-25 00:00:00","72011"
"2013-09-24 00:00:00","75978"
"2013-09-23 00:00:00","76017"
"2013-09-22 00:00:00","76018"
"2013-09-21 00:00:00","82238"
"2013-09-20 00:00:00","89286"
"2013-09-19 00:00:00","89288"
"2013-09-18 00:00:00","89140"
"2013-09-17 00:00:00","88926"
"2013-09-16 00:00:00","83178"
"2013-09-15 00:00:00","93538"
"2013-09-14 00:00:00","84998"
"2013-09-13 00:00:00","41942"
"2013-09-12 00:00:00","43205"
"2013-09-11 00:00:00","109419"
"2013-09-10 00:00:00","126085"
"2013-09-09 00:00:00","123327"
"2013-09-08 00:00:00","128517"
"2013-09-07 00:00:00","127406"
"2013-09-06 00:00:00","128304"
"2013-09-05 00:00:00","109670"
"2013-09-04 00:00:00","107914"
"2013-09-03 00:00:00","34234"
"2013-09-02 00:00:00","40050"
"2013-09-01 00:00:00","40284"
"2013-08-31 00:00:00","39693"
"2013-08-30 00:00:00","44807"
"2013-08-29 00:00:00","36420"
"2013-08-28 00:00:00","34827"
"2013-08-27 00:00:00","33438"
"2013-08-26 00:00:00","38518"
"2013-08-25 00:00:00","5102"
"2013-08-24 00:00:00","8131"
"2013-08-23 00:00:00","4572"
"2013-08-22 00:00:00","25884"
"2013-08-21 00:00:00","36627"
"2013-08-20 00:00:00","61818"
"2013-08-19 00:00:00","98333"
"2013-08-18 00:00:00","9005"
"2013-08-17 00:00:00","39678"
"2013-08-16 00:00:00","37598"
"2013-08-15 00:00:00","39652"
"2013-08-14 00:00:00","39927"
"2013-08-13 00:00:00","25117"
"2013-08-12 00:00:00","62047"
"2013-08-11 00:00:00","53331"
"2013-08-10 00:00:00","45524"
"2013-08-09 00:00:00","45569"
"2013-08-08 00:00:00","44811"
"2013-08-07 00:00:00","45028"
"2013-08-06 00:00:00","45568"
"2013-08-05 00:00:00","45566"
"2013-08-04 00:00:00","45543"
"2013-08-03 00:00:00","45568"
"2013-08-02 00:00:00","44097"
"2013-08-01 00:00:00","45386"
"2013-07-31 00:00:00","69139"
"2013-07-30 00:00:00","69288"
"2013-07-29 00:00:00","69469"
"2013-07-28 00:00:00","66727"
"2013-07-27 00:00:00","47686"
"2013-07-26 00:00:00","47355"
"2013-07-25 00:00:00","21695"
"2013-07-24 00:00:00","54329"
"2013-07-23 00:00:00","40000"
"2013-07-22 00:00:00","30897"
"2013-07-21 00:00:00","29422"
"2013-07-20 00:00:00","0"
"2013-07-19 00:00:00","0"
"2013-07-18 00:00:00","8883"
"2013-07-17 00:00:00","0"
"2013-07-16 00:00:00","0"
"2013-07-15 00:00:00","0"
"2013-07-14 00:00:00","8879"
"2013-07-13 00:00:00","944"
"2013-07-12 00:00:00","7016"
"2013-07-11 00:00:00","14145"
"2013-07-10 00:00:00","17350"
"2013-07-09 00:00:00","8712"
"2013-07-08 00:00:00","2670"
"2013-07-07 00:00:00","14860"
"2013-07-06 00:00:00","9537"
"2013-07-05 00:00:00","29921"
"2013-07-04 00:00:00","30008"
"2013-07-03 00:00:00","31761"
"2013-07-02 00:00:00","32070"
"2013-07-01 00:00:00","23288"
"2013-06-30 00:00:00","3123"
"2013-06-29 00:00:00","24881"
"2013-06-28 00:00:00","20240"
"2013-06-27 00:00:00","0"
"2013-06-26 00:00:00","7169"
"2013-06-25 00:00:00","31686"
"2013-06-24 00:00:00","32590"
"2013-06-23 00:00:00","37539"
"2013-06-22 00:00:00","100000"
"2013-06-21 00:00:00","65089"
"2013-06-20 00:00:00","63674"
"2013-06-19 00:00:00","67641"
"2013-06-18 00:00:00","52987"
"2013-06-17 00:00:00","52988"
"2013-06-16 00:00:00","51784"
"2013-06-15 00:00:00","42127"
"2013-06-14 00:00:00","39986"
"2013-06-13 00:00:00","39986"
"2013-06-12 00:00:00","39987"
"2013-06-11 00:00:00","39961"
"2013-06-10 00:00:00","39987"
"2013-06-09 00:00:00","39985"
"2013-06-08 00:00:00","40340"
"2013-06-07 00:00:00","51207"
"2013-06-06 00:00:00","59296"
"2013-06-05 00:00:00","86224"
"2013-06-04 00:00:00","131050"
"2013-06-03 00:00:00","153229"
"2013-06-02 00:00:00","145544"
"2013-06-01 00:00:00","153174"
"2013-05-31 00:00:00","94962"
"2013-05-30 00:00:00","95157"
"2013-05-29 00:00:00","109411"
"2013-05-28 00:00:00","68523"
"2013-05-27 00:00:00","62044"
"2013-05-26 00:00:00","52732"
"2013-05-25 00:00:00","44438"
"2013-05-24 00:00:00","41636"
"2013-05-23 00:00:00","41407"
"2013-05-22 00:00:00","44787"
"2013-05-21 00:00:00","53414"
"2013-05-20 00:00:00","68305"
"2013-05-19 00:00:00","67889"
"2013-05-18 00:00:00","68182"
"2013-05-17 00:00:00","68180"
"2013-05-16 00:00:00","53554"
"2013-05-15 00:00:00","41129"
"2013-05-14 00:00:00","49996"
"2013-05-13 00:00:00","49606"
"2013-05-12 00:00:00","67044"
"2013-05-11 00:00:00","68861"
"2013-05-10 00:00:00","69172"
"2013-05-09 00:00:00","77526"
"2013-05-08 00:00:00","85372"
"2013-05-07 00:00:00","89087"
"2013-05-06 00:00:00","63140"
"2013-05-05 00:00:00","85229"
"2013-05-04 00:00:00","99200"
"2013-05-03 00:00:00","97285"
"2013-05-02 00:00:00","102247"
"2013-05-01 00:00:00","106392"
"2013-04-30 00:00:00","109474"
"2013-04-29 00:00:00","110215"
"2013-04-28 00:00:00","122779"
"2013-04-27 00:00:00","149650"
"2013-04-26 00:00:00","146322"
"2013-04-25 00:00:00","159821"
"2013-04-24 00:00:00","135524"
"2013-04-23 00:00:00","48693"
"2013-04-22 00:00:00","62596"
"2013-04-21 00:00:00","141269"
"2013-04-20 00:00:00","100410"
"2013-04-19 00:00:00","89962"
"2013-04-18 00:00:00","85050"
"2013-04-17 00:00:00","82628"
"2013-04-16 00:00:00","63721"
"2013-04-15 00:00:00","77692"
"2013-04-14 00:00:00","66822"
"2013-04-13 00:00:00","64999"
"2013-04-12 00:00:00","64976"
"2013-04-11 00:00:00","63000"
"2013-04-10 00:00:00","78758"
"2013-04-09 00:00:00","82521"
"2013-04-08 00:00:00","70470"
"2013-04-07 00:00:00","61139"
"2013-04-06 00:00:00","61526"
"2013-04-05 00:00:00","54790"
"2013-04-04 00:00:00","54718"
"2013-04-03 00:00:00","51984"
"2013-04-02 00:00:00","52961"
"2013-04-01 00:00:00","52722"
"2013-03-31 00:00:00","49723"
"2013-03-30 00:00:00","53059"
"2013-03-29 00:00:00","53929"
"2013-03-28 00:00:00","51262"
"2013-03-27 00:00:00","51572"
"2013-03-26 00:00:00","52097"
"2013-03-25 00:00:00","52698"
"2013-03-24 00:00:00","53541"
"2013-03-23 00:00:00","51029"
"2013-03-22 00:00:00","49940"
"2013-03-21 00:00:00","53159"
"2013-03-20 00:00:00","54666"
"2013-03-19 00:00:00","57483"
"2013-03-18 00:00:00","60356"
"2013-03-17 00:00:00","60858"
"2013-03-16 00:00:00","62058"
"2013-03-15 00:00:00","56795"
"2013-03-14 00:00:00","55039"
"2013-03-13 00:00:00","64473"
"2013-03-12 00:00:00","66542"
"2013-03-11 00:00:00","56852"
"2013-03-10 00:00:00","64876"
"2013-03-09 00:00:00","60128"
"2013-03-08 00:00:00","57048"
"2013-03-07 00:00:00","64391"
"2013-03-06 00:00:00","69777"
"2013-03-05 00:00:00","73915"
"2013-03-04 00:00:00","76075"
"2013-03-03 00:00:00","39202"
"2013-03-02 00:00:00","36992"
"2013-03-01 00:00:00","39821"
"2013-02-28 00:00:00","40926"
"2013-02-27 00:00:00","60732"
"2013-02-26 00:00:00","77258"
"2013-02-25 00:00:00","51584"
"2013-02-24 00:00:00","75518"
"2013-02-23 00:00:00","65191"
"2013-02-22 00:00:00","42670"
"2013-02-21 00:00:00","39852"
"2013-02-20 00:00:00","36269"
"2013-02-19 00:00:00","34963"
"2013-02-18 00:00:00","42204"
"2013-02-17 00:00:00","47261"
"2013-02-16 00:00:00","48725"
"2013-02-15 00:00:00","47991"
"2013-02-14 00:00:00","47530"
"2013-02-13 00:00:00","46232"
"2013-02-12 00:00:00","46134"
"2013-02-11 00:00:00","47474"
"2013-02-10 00:00:00","47593"
"2013-02-09 00:00:00","45983"
"2013-02-08 00:00:00","47884"
"2013-02-07 00:00:00","46794"
"2013-02-06 00:00:00","46929"
"2013-02-05 00:00:00","47523"
"2013-02-04 00:00:00","47071"
"2013-02-03 00:00:00","47584"
"2013-02-02 00:00:00","46586"
"2013-02-01 00:00:00","46941"
"2013-01-31 00:00:00","47876"
"2013-01-30 00:00:00","47106"
"2013-01-29 00:00:00","44082"
"2013-01-28 00:00:00","36303"
"2013-01-27 00:00:00","46691"
"2013-01-26 00:00:00","46964"
"2013-01-25 00:00:00","47808"
"2013-01-24 00:00:00","46488"
"2013-01-23 00:00:00","40079"
"2013-01-22 00:00:00","40304"
"2013-01-21 00:00:00","46037"
"2013-01-20 00:00:00","47210"
"2013-01-19 00:00:00","47855"
"2013-01-18 00:00:00","48900"
"2013-01-17 00:00:00","40652"
"2013-01-16 00:00:00","39743"
"2013-01-15 00:00:00","38431"
"2013-01-14 00:00:00","31448"
"2013-01-13 00:00:00","28408"
"2013-01-12 00:00:00","32511"
"2013-01-11 00:00:00","28732"
"2013-01-10 00:00:00","27954"
"2013-01-09 00:00:00","28505"
"2013-01-08 00:00:00","27457"
"2013-01-07 00:00:00","26478"
"2013-01-06 00:00:00","22986"
"2013-01-05 00:00:00","24690"
"2013-01-04 00:00:00","23477"
"2013-01-03 00:00:00","21930"
"2013-01-02 00:00:00","22447"
"2013-01-01 00:00:00","23857"
"2012-12-31 00:00:00","23424"
"2012-12-30 00:00:00","21072"
"2012-12-29 00:00:00","20396"
"2012-12-28 00:00:00","21858"
"2012-12-27 00:00:00","20889"
"2012-12-26 00:00:00","20218"
"2012-12-25 00:00:00","20521"
"2012-12-24 00:00:00","17350"
"2012-12-23 00:00:00","15329"
"2012-12-22 00:00:00","16228"
"2012-12-21 00:00:00","15330"
"2012-12-20 00:00:00","12555"
"2012-12-19 00:00:00","10490"
"2012-12-18 00:00:00","12674"
"2012-12-17 00:00:00","12538"
"2012-12-16 00:00:00","10627"
"2012-12-15 00:00:00","9543"
"2012-12-14 00:00:00","8872"
"2012-12-13 00:00:00","8591"
"2012-12-12 00:00:00","8729"
"2012-12-11 00:00:00","8652"
"2012-12-10 00:00:00","7228"
"2012-12-09 00:00:00","7884"
"2012-12-08 00:00:00","9259"
"2012-12-07 00:00:00","20187"
"2012-12-06 00:00:00","20041"
"2012-12-05 00:00:00","16945"
"2012-12-04 00:00:00","16313"
"2012-12-03 00:00:00","14424"
"2012-12-02 00:00:00","16234"
"2012-12-01 00:00:00","13123"
"2012-11-30 00:00:00","11014"
"2012-11-29 00:00:00","11054"
"2012-11-28 00:00:00","11780"
"2012-11-27 00:00:00","10403"
"2012-11-26 00:00:00","11151"
"2012-11-25 00:00:00","10418"
"2012-11-24 00:00:00","9495"
"2012-11-23 00:00:00","8119"
"2012-11-22 00:00:00","6855"
"2012-11-21 00:00:00","6009"
"2012-11-20 00:00:00","6268"
"2012-11-19 00:00:00","86971"
"2012-11-18 00:00:00","78152"
"2012-11-17 00:00:00","84334"
"2012-11-16 00:00:00","95525"
"2012-11-15 00:00:00","99498"
"2012-11-14 00:00:00","99857"
"2012-11-13 00:00:00","126988"
"2012-11-12 00:00:00","99535"
"2012-11-11 00:00:00","101701"
"2012-11-10 00:00:00","77103"
"2012-11-09 00:00:00","111688"
"2012-11-08 00:00:00","129649"
"2012-11-07 00:00:00","98500"
"2012-11-06 00:00:00","98500"
"2012-11-05 00:00:00","98350"
"2012-11-04 00:00:00","96000"
"2012-11-03 00:00:00","95040"
"2012-11-02 00:00:00","97587"
"2012-11-01 00:00:00","66060"
"2012-10-31 00:00:00","55000"
"2012-10-30 00:00:00","55000"
"2012-10-29 00:00:00","95108"
"2012-10-27 00:00:00","76681"
"2012-10-26 00:00:00","69146"
"2012-10-25 00:00:00","63453"
"2012-10-24 00:00:00","50638"
"2012-10-23 00:00:00","46985"
"2012-10-22 00:00:00","54362"
"2012-10-21 00:00:00","51996"
"2012-10-20 00:00:00","52975"
"2012-10-19 00:00:00","56403"
"2012-10-18 00:00:00","53684"
"2012-10-15 00:00:00","16475"
"2012-10-14 00:00:00","7283"
"2012-10-13 00:00:00","0"
"2012-10-09 20:18:10","45000"
"2012-10-08 13:21:12","0"
"2012-10-07 13:10:26","0"
"2012-10-06 12:38:36","0"
"2012-10-04 00:00:00","39500"
"2012-10-03 00:00:00","39500"
"2012-09-28 20:00:30","20000"
"2012-09-27 00:00:00","25000"
"2012-09-24 00:00:00","11509"
"2012-09-13 00:00:00","48019"
"2012-09-12 00:00:00","48019"
"2012-09-11 00:00:00","58000"
"2012-09-09 23:47:11","58000"
"2012-09-05 00:00:00","20000"
